<?xml version="1.0" encoding="utf-8" ?>
<dwsync>
<file name="guy-5.jpg" server="D:/wamp/www/sabiplanfront/" local="130583840240000000" remote="130583840240000000" Dst="0" />
<file name="guy-6.jpg" server="D:/wamp/www/sabiplanfront/" local="130583840240000000" remote="130583840240000000" Dst="0" />
<file name="guy-3.jpg" server="D:/wamp/www/sabiplanfront/" local="130583840240000000" remote="130583840240000000" Dst="0" />
<file name="woman-6.jpg" server="D:/wamp/www/sabiplanfront/" local="130583840240000000" remote="130583840240000000" Dst="0" />
<file name="woman-3.jpg" server="D:/wamp/www/sabiplanfront/" local="130583840240000000" remote="130583840240000000" Dst="0" />
<file name="guy-2.jpg" server="D:/wamp/www/sabiplanfront/" local="130583840240000000" remote="130583840240000000" Dst="0" />
<file name="guy-9.jpg" server="D:/wamp/www/sabiplanfront/" local="130583840240000000" remote="130583840240000000" Dst="0" />
<file name="woman-9.jpg" server="D:/wamp/www/sabiplanfront/" local="130583840240000000" remote="130583840240000000" Dst="0" />
<file name="guy-4.jpg" server="D:/wamp/www/sabiplanfront/" local="130583840240000000" remote="130583840240000000" Dst="0" />
<file name="guy-1.jpg" server="D:/wamp/www/sabiplanfront/" local="130583840240000000" remote="130583840240000000" Dst="0" />
<file name="woman-4.jpg" server="D:/wamp/www/sabiplanfront/" local="130583840240000000" remote="130583840240000000" Dst="0" />
</dwsync>