<?xml version="1.0" encoding="utf-8" ?>
<dwsync>
<file name="privateprofile.js" server="D:/wamp/www/sabiplanfront/" local="130880405084423286" remote="130880405080000000" Dst="0" />
<file name="changepassword.js" server="D:/wamp/www/sabiplanfront/" local="130874395882812472" remote="130874395880000000" Dst="0" />
<file name="publicprofilefollow.js" server="D:/wamp/www/sabiplanfront/" local="130881234028288593" remote="130881234020000000" Dst="0" />
<file name="followers.js" server="D:/wamp/www/sabiplanfront/" local="130881234875805504" remote="130881234870000000" Dst="0" />
<file name="bulkunfollow.js" server="D:/wamp/www/sabiplanfront/" local="130880528593916308" remote="130880528590000000" Dst="0" />
<file name="bulkfollow.js" server="D:/wamp/www/sabiplanfront/" local="130880528427381526" remote="130880528420000000" Dst="0" />
<file name="menuupdate.js" server="D:/wamp/www/sabiplanfront/" local="130881313195749552" remote="130881313190000000" Dst="0" />
<file name="home.js" server="D:/wamp/www/sabiplanfront/" local="130888251056285096" remote="130888251050000000" Dst="0" />
<file name="addplanimage.js" server="D:/wamp/www/sabiplanfront/" local="130910166752261313" remote="130910166750000000" Dst="0" />
<file name="addplanimage.js" server="F:/wamp/www/sabiplanfront/" local="130954294258149942" remote="130954294250000000" Dst="0" />
<file name="activeplan.js" server="F:/wamp/www/sabiplanfront/" local="130956134489727471" remote="130956134480000000" Dst="0" />
<file name="followers.js" server="F:/wamp/www/sabiplanfront/" local="130958282381157240" remote="130958282380000000" Dst="0" />
<file name="bulkfollow.js" server="F:/wamp/www/sabiplanfront/" local="130957267026373406" remote="130957267020000000" Dst="0" />
<file name="bulkunfollow.js" server="F:/wamp/www/sabiplanfront/" local="130958282788912588" remote="130958282780000000" Dst="0" />
<file name="home.js" server="F:/wamp/www/sabiplanfront/" local="130956523611809241" remote="130956523610000000" Dst="0" />
</dwsync>