<?xml version="1.0" encoding="utf-8" ?>
<dwsync>
<file name="lock-1.jpg" server="D:/wamp/www/sabiplanfront/" local="130583840240000000" remote="130583840240000000" Dst="0" />
<file name="top-logo.png" server="D:/wamp/www/sabiplanfront/" local="130583840240000000" remote="130583840240000000" Dst="0" />
<file name="bgimage.jpg" server="D:/wamp/www/sabiplanfront/" local="130860713473898654" remote="130860713470000000" Dst="0" />
<file name="theme-boxed-2.jpg" server="D:/wamp/www/sabiplanfront/" local="130583840240000000" remote="130583840240000000" Dst="0" />
<file name="theme-boxed-1.jpg" server="D:/wamp/www/sabiplanfront/" local="130583840240000000" remote="130583840240000000" Dst="0" />
<file name="theme-boxed-3.jpg" server="D:/wamp/www/sabiplanfront/" local="130583840240000000" remote="130583840240000000" Dst="0" />
<file name="ajax-loader.gif" server="D:/wamp/www/sabiplanfront/" local="130188682740000000" remote="130188682740000000" Dst="0" />
<file name="logo.jpg" server="D:/wamp/www/sabiplanfront/" local="130861015769885202" remote="130861015760000000" Dst="0" />
<file name="place1-full.jpg" server="D:/wamp/www/sabiplanfront/" local="130583840240000000" remote="130583840240000000" Dst="0" />
<file name="food1-full.jpg" server="D:/wamp/www/sabiplanfront/" local="130583840240000000" remote="130583840240000000" Dst="0" />
<file name="fav.ico" server="D:/wamp/www/sabiplanfront/" local="130871282436605974" remote="130871282430000000" Dst="0" />
</dwsync>