<?xml version="1.0" encoding="utf-8" ?>
<dwsync>
<file name="processlogin.php" server="D:/wamp/www/sabiplanfront/" local="130862283212871014" remote="130862283210000000" Dst="0" />
<file name="processregister.php" server="D:/wamp/www/sabiplanfront/" local="130862337402676872" remote="130862337400000000" Dst="0" />
<file name="updateprofile.php" server="D:/wamp/www/sabiplanfront/" local="130870963397015111" remote="130870963390000000" Dst="0" />
<file name="changepassword.php" server="D:/wamp/www/sabiplanfront/" local="130874386937391590" remote="130874386930000000" Dst="0" />
<file name="crop.php" server="D:/wamp/www/sabiplanfront/" local="130875693150362236" remote="130875693150000000" Dst="0" />
<file name="initializeplanid.php" server="F:/wamp/www/sabiplanfront/" local="130954240859343064" remote="130954240850000000" Dst="0" />
<file name="postmyplan.php" server="F:/wamp/www/sabiplanfront/" local="130956490973323291" remote="130956490970000000" Dst="0" />
<file name="addcraver.php" server="F:/wamp/www/sabiplanfront/" local="130957233514106071" remote="130957233510000000" Dst="0" />
<file name="unfollow.php" server="F:/wamp/www/sabiplanfront/" local="130957935680583118" remote="130957935680000000" Dst="0" />
</dwsync>