<?xml version="1.0" encoding="utf-8" ?>
<dwsync>
<file name="constant.php" server="D:/wamp/www/sabiplan/" local="130853193942426514" remote="130853193940000000" Dst="0" />
<file name="Dbconnect.php" server="D:/wamp/www/sabiplan/" local="130852635973980369" remote="130852635970000000" Dst="0" />
<file name="MyFunction.php" server="D:/wamp/www/sabiplan/" local="130852637457705806" remote="130852637450000000" Dst="0" />
<file name="dbconnect.php" server="D:/wamp/www/sabiplan/" local="130852637179233792" remote="130852637170000000" Dst="0" />
<file name="Mydbhandler.php" server="D:/wamp/www/sabiplan/" local="130857472707433640" remote="130857472700000000" Dst="0" />
<file name="Myfunction.php" server="D:/wamp/www/sabiplan/" local="130856019677575679" remote="130856019670000000" Dst="0" />
<file name="constant.php" server="D:/wamp/www/sabiplanfront/" local="130885477155414770" remote="130885477150000000" Dst="0" />
<file name="Mydbhandler.php" server="D:/wamp/www/sabiplanfront/" local="130888514387574322" remote="130888514380000000" Dst="0" />
<file name="Myfunction.php" server="D:/wamp/www/sabiplanfront/" local="130861888360032565" remote="130861888360000000" Dst="0" />
<file name="dbconnect.php" server="D:/wamp/www/sabiplanfront/" local="130853194067637251" remote="130853194060000000" Dst="0" />
<file name="Mydbhandler.php" server="F:/wamp/www/sabiplanfront/" local="130988517211019757" remote="130988517210000000" Dst="0" />
<file name="mailapiparameters.php" server="F:/wamp/www/sabiplanfront/" local="130986574889450497" remote="130986574880000000" Dst="0" />
<file name="home.php" server="F:/wamp/www/sabiplanfront/" local="130986600111808279" remote="130986600110000000" Dst="0" />
</dwsync>